time,open,high,low,close,Volume,RSI,RSI-based MA,Regular Bullish,Regular Bullish Label,Regular Bearish,Regular Bearish Label,MACD,Signal Line,Histogram,Cross
2019-03-25,136.91,139.88,135.74,139.79,27794590,56.79542188866775,49.219990622547236,NaN,NaN,NaN,NaN,0.8168596960766195,-0.08088591315389079,0.8977456092305103,NaN
2019-04-01,139.99,140.29,135.13,136.18,27954723,50.91470724019221,49.97334784934121,NaN,NaN,NaN,NaN,0.7383768620605338,0.10854290754926094,0.6298339545112728,NaN
2019-04-08,136.05,136.51,134.42,135.98,23976562,50.602104462596714,50.65160165071685,NaN,NaN,NaN,NaN,0.6525184951013614,0.28745040567161734,0.36506808942974406,NaN
2019-04-15,136,140.7,135.75,137.52,36155647,52.99523755553393,51.31676641347076,NaN,NaN,NaN,NaN,0.7006634384227937,0.43444877327169706,0.2662146651510966,NaN
2019-04-22,136.98,140.85,136.4575,140.39,25965028,57.16055495482224,52.188763107848345,NaN,NaN,NaN,NaN,0.9593449360287991,0.5782603604741072,0.3810845755546919,NaN
2019-04-29,140.35,142.35,138.9599,142.01,31052412,59.350241784569235,53.408995813522026,NaN,NaN,NaN,NaN,1.2803136884434139,0.7167840405465647,0.5635296478968491,NaN
2019-05-06,140.25,142.24,136.41,139.05,27468628,53.92646846875961,53.68488804814573,NaN,NaN,NaN,NaN,1.281069107703388,0.8259204390016635,0.45514866870172455,NaN
2019-05-13,137.85,139.1929,135.33,138.61,32941677,53.148934716492896,54.05546788235292,NaN,NaN,NaN,NaN,1.23196216714976,0.9109661656152481,0.3209960015345119,NaN
2019-05-20,138.61,139.85,137.485,138.85,27512310,53.54240976544405,54.11613567387498,NaN,NaN,NaN,NaN,1.1985939126744256,0.984411367073455,0.2141825456009706,NaN
2019-05-28,139,140.49,128.52,131.15,50338987,41.50007327414546,53.298443204702025,NaN,NaN,NaN,NaN,0.5445464892231087,0.9541543440897315,-0.4096078548666229,0.9541543440897315
2019-06-03,131.5,139.59,131.04,138.55,37594218,52.54618962124211,53.12158032263381,NaN,NaN,NaN,NaN,0.6162239040208135,0.9405817931964293,-0.3243578891756158,NaN
2019-06-10,138.6,142.91,137.6,140.09,36490926,54.472821371570056,53.11301608761996,NaN,NaN,NaN,NaN,0.7882079309532344,0.9556583971799708,-0.16745046622673643,NaN
2019-06-17,140,142.425,139.21,142.09,37687167,56.91910227641036,53.33050451400483,NaN,NaN,NaN,NaN,1.0735149841800364,0.9970863467085533,0.0764286374714831,0.9970863467085533
2019-06-24,142.42,144.98,138.505,139.28,39111889,52.63945497030186,53.32240873933919,NaN,NaN,NaN,NaN,1.0606528180850034,1.0083427780481315,0.052310040036871897,NaN
2019-07-01,140.2,142.18,138.69,140.57,18465045,54.33685358958968,53.14679671797647,NaN,NaN,NaN,NaN,1.141394393730394,0.992907300857796,0.1484870928725981,NaN
2019-07-08,140.12,142.47,132.32,134.3,36767721,45.753550173408996,52.77814264177766,NaN,NaN,NaN,NaN,0.6914751792789957,0.9273968643661968,-0.23592168508720113,0.9273968643661968
2019-07-15,135.39,136.36,130.19,130.31,43658833,41.28429743673364,52.112584997073164,NaN,NaN,NaN,NaN,0.012803712922135446,0.7919348138964608,-0.7791311009743254,NaN
2019-07-22,130,131.53,127.84,130.73,39060374,41.92734467735508,51.322021220060385,NaN,NaN,NaN,NaN,-0.4855605836585255,0.6048065365261329,-1.0903671201846583,NaN
2019-07-29,131,133.31,129.02,131.07,36346486,42.47656642829024,50.273164896736674,NaN,NaN,NaN,NaN,-0.843360980311104,0.45059459546677594,-1.29395557577788,NaN
2019-08-05,130.91,132.76,128.19,132.04,34070186,44.10083872232429,49.18392182086205,NaN,NaN,NaN,NaN,-1.0366990576849275,0.2669364886105825,-1.30363554629551,NaN
2019-08-12,131.5,134.1,129.25,131.36,33054287,43.18034256370557,48.416341399072465,NaN,NaN,NaN,NaN,-1.230605539300484,0.042623880804613795,-1.2732294201050978,NaN
2019-08-19,132.5,132.66,127.13,127.73,42102349,38.55410288607949,47.3738534111858,NaN,NaN,NaN,NaN,-1.658075226728073,-0.26088614262962057,-1.3971890840984524,NaN
2019-08-26,127.42,132.4,126.63,128.36,53109870,39.76036853287121,46.38942189457345,NaN,NaN,NaN,NaN,-1.9238355205619087,-0.592495958034833,-1.3313395625270756,NaN
2019-09-03,127.99,129.9,127.51,128.21,22044112,39.56123002464171,46.250933091037474,NaN,NaN,NaN,NaN,-2.1220940354395452,-0.9551057834981597,-1.1669882519413854,NaN
2019-09-09,128,131.77,126.34,130.78,32747832,44.67404757057076,45.688637230275226,NaN,NaN,NaN,NaN,-2.0482271278885094,-1.2595171509612157,-0.7887099769272936,NaN
2019-09-16,130.11,132,128.78,131.65,31747867,46.32925754058182,45.10695409949035,NaN,NaN,NaN,NaN,-1.8976108655292876,-1.4717854374558184,-0.42582542807346924,NaN
2019-09-23,131.02,132.78,126.7,128.6,30836171,41.62740696106567,44.01469014839431,NaN,NaN,NaN,NaN,-2.001286319629287,-1.6401994081192361,-0.3610869115100508,NaN
2019-09-30,129.07,134.7,129,133.66,41274511,50.58703112492125,43.86808844515283,NaN,NaN,NaN,NaN,-1.6560601219055684,-1.7304993127408435,0.07443919083527506,-1.7304993127408435
2019-10-07,133.09,133.825,128.52,131.33,33672876,47.00894034031929,43.344666070204944,NaN,NaN,NaN,NaN,-1.5525802220148819,-1.7878194421108384,0.23523922009595655,NaN
2019-10-14,131.36,137.49,127.7,127.7,62856748,42.02210165585654,43.078134033236914,NaN,NaN,NaN,NaN,-1.743385654043351,-1.8447950104156012,0.10140935637225024,NaN
2019-10-21,128.67,130.58,126.1,128.35,47548923,43.184363943151766,43.21385306940964,NaN,NaN,NaN,NaN,-1.8211575947603365,-1.8629152735302972,0.04175767876996073,NaN
2019-10-28,128.62,133.53,128.51,131.2,35238678,48.09736927477146,43.654569112082235,NaN,NaN,NaN,NaN,-1.6339856668917605,-1.830709734233614,0.19672406734185355,NaN
2019-11-04,131.8,133.04,129.68,133,28725229,50.98047638552314,44.26199125188459,NaN,NaN,NaN,NaN,-1.3251303311896834,-1.7421582115391852,0.4170278803495018,NaN
2019-11-11,132.27,134.97,130.14,134.94,30235029,53.94953861543358,44.965469815678105,NaN,NaN,NaN,NaN,-0.9132906199565411,-1.6160541551022998,0.7027635351457586,NaN
2019-11-18,134.22,138.63,132.66,138.07,37747501,58.33439338831592,46.04790201743599,NaN,NaN,NaN,NaN,-0.3305296995322351,-1.4419340255470716,1.1114043260148365,NaN
2019-11-25,137.06,138.27,135.15,137.49,25551127,57.24661757257454,47.38308163789993,NaN,NaN,NaN,NaN,0.08354828313105145,-1.2102857363514785,1.29383401948253,NaN
2019-12-02,137.72,141.58,136.16,140.38,30507591,61.13547978845981,48.90987529901339,NaN,NaN,NaN,NaN,0.6375575483728824,-0.9554393285427617,1.592996876915644,NaN
2019-12-09,140.39,142.06,139.91,141.38,25472677,62.40961549123038,50.54190283234116,NaN,NaN,NaN,NaN,1.14411685819627,-0.6558063196304116,1.7999231778266815,NaN
2019-12-16,141.73,147.84,141.49,146.06,48334532,67.73998668669296,52.18946991206417,NaN,NaN,NaN,NaN,1.9012887749160825,-0.2508424941904745,2.152131269106557,NaN
2019-12-23,145.74,146.76,145.16,145.75,17251557,67.06163432300781,53.67035396795173,NaN,NaN,NaN,NaN,2.4481181823185807,0.2235214810405163,2.2245967012780645,NaN
2019-12-30,145.78,146.2,143,144.28,18746855,63.79902836756672,55.25404121127325,NaN,NaN,NaN,NaN,2.7313820407414084,0.7085623374442017,2.022819703297207,NaN
2020-01-06,144,146.18,141.38,145.06,32881695,64.77821133325396,56.26769694043987,NaN,NaN,NaN,NaN,2.9844077755086857,1.1873999048551316,1.7970078706535542,NaN
2020-01-13,145.48,149.41,144.72,149.17,32153275,69.46498202174325,57.87169991768444,NaN,NaN,NaN,NaN,3.4765002141382126,1.675154441976771,1.8013457721614416,NaN
2020-01-21,148.58,150.17,146,148.32,37573160,67.46555220269394,59.689089242458536,NaN,NaN,NaN,NaN,3.7546182191711637,2.1290597662771487,1.625558452894015,NaN
2020-01-27,147.52,151.19,147,148.87,36335013,68.10526881753424,61.469153876343,NaN,NaN,NaN,NaN,3.9736039129244034,2.561288169587521,1.4123157433368823,NaN
2020-02-03,149.42,154.5,149.24,151.89,30188562,71.42744187785118,63.13558763370584,NaN,NaN,NaN,NaN,4.3408023463444465,2.972759813806584,1.3680425325378627,NaN
2020-02-10,151.68,152.38,149.15,150.13,24915234,67.04458374823648,64.28302387389965,NaN,NaN,NaN,NaN,4.43862673325367,3.3388164665907394,1.099810266662931,NaN
2020-02-18,150.47,150.74,147.4043,149.93,28588112,66.5448841490213,65.18269141201306,NaN,NaN,NaN,NaN,4.4487327146411815,3.6218657932268616,0.8268669214143198,NaN
2020-02-24,146.5,149,130.82,134.48,63605211,41.07575742607919,63.94993170042472,NaN,NaN,NaN,NaN,3.1734740651340587,3.70246089131747,-0.5289868261834112,3.70246089131747
2020-03-02,134.78,143.64,133.1,142.03,59309784,50.95450056943188,63.50049477162882,NaN,NaN,NaN,NaN,2.740454051245223,3.7034688924845605,-0.9630148412393376,NaN
2020-03-09,136.33,141.95,124.5,134.29,85938059,42.996260087203225,62.204836221539054,NaN,NaN,NaN,NaN,1.7525272135688112,3.5665932744912414,-1.8140660609224302,NaN
2020-03-16,123.57,136.77,118.13,119.89,93578271,32.74844271942291,60.08618102355281,NaN,NaN,NaN,NaN,-0.19017930841206976,3.159184438652321,-3.3493637470643907,NaN
2020-03-23,117,127.62,109.16,123.16,79607912,36.452430815337195,57.85135560417026,NaN,NaN,NaN,NaN,-1.4492208363639065,2.5809800991484244,-4.030200935512331,NaN
2020-03-30,128.46,135.7097,125.5,134.17,71771874,47.0307224546944,56.42057618500502,NaN,NaN,NaN,NaN,-1.54084344844739,1.9682637256626694,-3.5091071741100595,NaN
2020-04-06,137.01,145.42,135.54,141.23,48454058,52.491900282948684,55.612924178960874,NaN,NaN,NaN,NaN,-1.0318771935447444,1.3712993323416482,-2.4031765258863924,NaN
2020-04-13,140,152.3,137.8404,152.02,57055229,59.38412609455164,55.22763237619642,NaN,NaN,NaN,NaN,0.2393855667755247,0.9047169805107431,-0.6653314137352184,NaN
2020-04-20,150.93,157,148.57,154.86,53015205,60.98835976673571,54.622159357981594,NaN,NaN,NaN,NaN,1.4592138198267435,0.5725482144202501,0.8866656054064934,0.5725482144202501
2020-04-27,154.81,156.05,146.79,148.29,48906539,55.52462999390861,53.76923634306836,NaN,NaN,NaN,NaN,1.8741879346694077,0.4281830888130666,1.446004845856341,NaN
2020-05-04,148.77,150.78,147.09,148.7,30235802,55.790799372676275,52.889631382721355,NaN,NaN,NaN,NaN,2.2106583900627186,0.3693169042372328,1.8413414858254857,NaN
2020-05-11,148.45,150.48,144.257,150.44,37108988,56.96781438111996,51.85680084724056,NaN,NaN,NaN,NaN,2.5878855743160045,0.4621344998758098,2.1257510744401946,NaN
2020-05-18,152.49,153.62,144.06,144.37,31838933,51.78790884769849,50.76703835434498,NaN,NaN,NaN,NaN,2.3697258403342403,0.7465684052920665,1.6231574350421738,NaN
2020-05-26,146.19,149.35,143.01,148.75,29718063,54.96966958447714,49.9402373140204,NaN,NaN,NaN,NaN,2.521199258549842,1.1877261936158163,1.3334730649340258,NaN
2020-06-01,147.29,149.64,145.58,147.3,36456280,53.7060585623179,50.84240168089459,NaN,NaN,NaN,NaN,2.4954738824104936,1.6362058970444702,0.8592679853660234,NaN
2020-06-08,145.88,150.03,140.28,142.15,46540545,49.36557248954115,50.72890681804525,NaN,NaN,NaN,NaN,2.0360540135558836,1.977087142277873,0.05896687127801048,NaN
2020-06-15,141,145.88,139.3914,143.83,38329275,50.76351359577248,51.28371064008592,NaN,NaN,NaN,NaN,1.7869238711364233,2.1490358427624177,-0.3621119716259944,2.1490358427624177
2020-06-22,143.47,144.08,137.02,137.81,39689362,45.8758735822718,52.221384273146555,NaN,NaN,NaN,NaN,1.0911447125896814,2.1081392752916326,-1.0169945627019512,NaN
2020-06-29,138.74,141.8386,137.84,140.97,24375351,48.66968288714223,53.09404513541834,NaN,NaN,NaN,NaN,0.7856636657215574,1.9871921342974272,-1.2015284685758698,NaN
2020-07-06,142.17,144.425,140.58,142.37,28057470,49.9034669818223,53.299241173070335,NaN,NaN,NaN,NaN,0.6490541427824894,1.8136805512662906,-1.1646264084838012,NaN
2020-07-13,143.61,150.5776,143.28,149.35,39660697,55.629707456929744,53.52337025692612,NaN,NaN,NaN,NaN,1.0914363781688508,1.6474084183610513,-0.5559720401922006,NaN
2020-07-20,150.23,151.6695,147.03,148.12,29653473,54.44861706362085,53.17083389757392,NaN,NaN,NaN,NaN,1.327474467110676,1.5316027102250998,-0.2041282431144238,NaN
2020-07-27,147.37,148.92,143.96,145.76,29186964,52.16034130220181,52.540261150107206,NaN,NaN,NaN,NaN,1.3090145713572952,1.3969155227592611,-0.08790095140196597,NaN
2020-08-03,146.39,149.31,145.8247,148.6,22208041,54.63131821651348,52.47645316600755,NaN,NaN,NaN,NaN,1.5061868516490051,1.2869947415635403,0.2191921100854648,1.2869947415635403
2020-08-10,148.86,150.24,146.37,148.24,25138782,54.24881095605032,52.366311136248555,NaN,NaN,NaN,NaN,1.6147840871863934,1.2401869719669303,0.37459711521946315,NaN
2020-08-17,148.32,153.65,148.23,152.76,28043225,58.20554855613202,52.45472072017799,NaN,NaN,NaN,NaN,2.0420350940924834,1.2685326634064924,0.773502430685991,NaN
2020-08-24,152.74,153.7,150.35,153.64,28230822,58.9498999485206,52.96629151309385,NaN,NaN,NaN,NaN,2.4237042864651244,1.4165948382815416,1.0071094481835827,NaN
2020-08-31,153,155.47,147.13,148.59,35426649,53.10486546193264,52.833091218626386,NaN,NaN,NaN,NaN,2.292263291469766,1.5839947966980092,0.7082684947717566,NaN
2020-09-08,150.25,151.1,146.52,147.78,25843901,52.21065150869695,52.726276429082034,NaN,NaN,NaN,NaN,2.098544411727289,1.7450492710252092,0.3534951407020799,NaN
2020-09-14,148.12,150.59,146.05,149.18,29993979,53.66297375011053,53.03323366197985,NaN,NaN,NaN,NaN,2.0345362362968444,1.8498381441505418,0.18469809214630262,NaN
2020-09-21,147.58,147.93,142.96,145.66,32800907,49.58294252955292,52.948907157249884,NaN,NaN,NaN,NaN,1.6804040619704494,1.8890525435794057,-0.20864848160895622,1.8890525435794057
2020-09-28,146.73,149.73,145.83,146.24,33045306,50.25408723457393,53.26163670384289,NaN,NaN,NaN,NaN,1.4300679816637683,1.902502922502347,-0.47243494083857884,NaN
2020-10-05,147,151.48,145.81,150.97,25181740,55.461178880215314,53.74674356049097,NaN,NaN,NaN,NaN,1.5949605913190794,1.9123666713545775,-0.3174060800354981,NaN
2020-10-12,151.6,153.142,146.33,148.1,38115006,51.91059892873871,53.89011012812785,NaN,NaN,NaN,NaN,1.4770278998373954,1.8970604283158,-0.42003252847840455,NaN
2020-10-19,148.53,148.9,143.84,145.24,27233268,48.5734328735427,53.38609051502878,NaN,NaN,NaN,NaN,1.1396501170544582,1.7967954308671306,-0.6571453138126724,NaN
2020-10-26,144.43,144.77,133.65,137.11,34815762,40.58599995023791,52.39590357835857,NaN,NaN,NaN,NaN,0.21378832009284565,1.5512492123813217,-1.337460892288476,NaN
2020-11-02,138.98,143.19,137.49,142.25,37673220,46.56825643516743,51.99646894499897,NaN,NaN,NaN,NaN,-0.10400982077555909,1.2849966443540635,-1.3890064651296226,NaN
2020-11-09,148.425,150.41,144.92,149.9,36729227,53.99302491819934,51.950876566547954,NaN,NaN,NaN,NaN,0.25844473917968,1.0805411251821069,-0.8220963860024268,NaN
2020-11-16,150.92,151.3,145.5869,146.36,34568986,50.49623848475739,51.68283567574132,NaN,NaN,NaN,NaN,0.2570807079288784,0.8830460664745551,-0.6259653585456767,NaN
2020-11-23,146.01,146.01,142.86,144,29010696,48.252635976122384,50.971913348597774,NaN,NaN,NaN,NaN,0.06482021953661388,0.7035367506485734,-0.6387165311119595,NaN
2020-11-30,144.23,150.31,143.06,150.27,47207587,54.089017771083796,50.624707478780856,NaN,NaN,NaN,NaN,0.4136210309724504,0.5905982005717603,-0.17697716959930987,NaN
2020-12-07,149.35,153.5,148.51,152.95,36780842,56.35492756849375,50.85685477210665,NaN,NaN,NaN,NaN,0.8959735637957067,0.5129329752913855,0.3830405885043212,0.5129329752913855
2020-12-14,153.25,155.1,148.99,154.51,51705652,57.66472140592268,51.24643119333706,NaN,NaN,NaN,NaN,1.3881190118618463,0.5030542099607689,0.8850648019010774,NaN
2020-12-21,152.01,153.9,150.05,152.47,19318720,55.32647137282853,51.36525245210264,NaN,NaN,NaN,NaN,1.5951489895562645,0.553665195794303,1.0414837937619614,NaN
2020-12-28,153.32,157.66,152.3,157.38,19580093,59.57524998283119,52.07898869876537,NaN,NaN,NaN,NaN,2.130854539150988,0.7666725534674299,1.3641819856835582,NaN
2021-01-04,157.24,161.1,154.13,160.04,45574340,61.700415381640916,52.896583566413014,NaN,NaN,NaN,NaN,2.7384773539143623,1.08250446176631,1.6559728921480523,NaN
2021-01-11,160.56,161.95,156.75,160.3,38276037,61.91119042508542,53.35729867676088,NaN,NaN,NaN,NaN,3.2040681363766623,1.4097959503437525,1.7942721860329098,NaN
2021-01-19,162,165.155,160.06,163.55,30857193,64.53830666930097,54.259277801086746,NaN,NaN,NaN,NaN,3.791592901708924,1.8025195274304242,1.9890733742784998,NaN
2021-01-25,165.01,173.65,160.5527,163.13,69787677,63.92468442343889,55.35579576893648,NaN,NaN,NaN,NaN,4.175191018117857,2.2592273939394514,1.915963624178406,NaN
2021-02-01,165.31,165.44,159.57,164.45,47269969,65.04941199191643,57.103182343342084,NaN,NaN,NaN,NaN,4.5334494737873285,2.716986109807771,1.8164633639795573,NaN
2021-02-08,165.03,167.94,163.88,166.58,26785183,66.84566645192191,58.55156877311026,NaN,NaN,NaN,NaN,4.932387586077795,3.165476556728003,1.7669110293497914,NaN
2021-02-16,166.58,167.05,162.91,162.98,25719474,61.12749043316268,59.0611734527505,NaN,NaN,NaN,NaN,4.901556903842959,3.5558585447259046,1.3456983591170544,NaN
2021-02-22,161.87,164.39,157.97,158.46,47913303,54.790145662431065,59.36788110829862,NaN,NaN,NaN,NaN,4.460973812019745,3.8742835249996244,0.5866902870201205,NaN
2021-03-01,161.45,161.53,151.47,156.1,46026700,51.77210659960309,59.61927186711868,NaN,NaN,NaN,NaN,3.876688212306135,4.0682650442390855,-0.1915768319329505,4.0682650442390855
2021-03-08,157,160.75,155.98,159.6,32423965,55.671905308747085,59.73233526266605,NaN,NaN,NaN,NaN,3.653938090452982,4.169982903854487,-0.5160448134015052,NaN
2021-03-15,159.75,161.73,158.5,160.04,37589890,56.15193013099755,59.71783544570203,NaN,NaN,NaN,NaN,3.4728781591953464,4.199850684167675,-0.7269725249723287,NaN
2021-03-22,158.31,165.1,158,164.93,35027110,61.182867868032695,59.96913162156704,NaN,NaN,NaN,NaN,3.681530598703546,4.1876215393892995,-0.5060909406857537,NaN
2021-03-29,163.83,167.03,162.26,162.83,31282669,58.09990022270725,60.16723368227265,NaN,NaN,NaN,NaN,3.6355286000423916,4.127659048492025,-0.4921304484496334,NaN
2021-04-05,163.64,164.75,159.78,161.25,30527101,55.820829015257814,59.89906075601742,NaN,NaN,NaN,NaN,3.432016736703389,4.0052776332604765,-0.5732608965570876,NaN
2021-04-12,161.09,162.51,156.53,162.24,47739433,56.96007320663739,59.560464886374305,NaN,NaN,NaN,NaN,3.3124331772588107,3.825282698947256,-0.5128495216884454,NaN
2021-04-19,162.5,167.7899,160.84,165.52,42003627,60.58641345154622,59.465837959692934,NaN,NaN,NaN,NaN,3.442646249748009,3.663181515158928,-0.2205352654109194,NaN
2021-04-26,165.21,165.41,161.65,162.73,35166823,56.24532625773637,58.87348221600975,NaN,NaN,NaN,NaN,3.282868500276635,3.5322809249652494,-0.24941242468861446,NaN
2021-05-03,163.6,169.18,163.12,168.5,32754511,62.26680476740758,58.75506224057894,NaN,NaN,NaN,NaN,3.5805597962716718,3.499377767628087,0.08118202864358492,3.499377767628087
2021-05-10,169.9,171.61,166.97,170.22,37150369,63.863288988814816,58.67033916892883,NaN,NaN,NaN,NaN,3.9101975946008736,3.5278510458667416,0.382346548734132,NaN
2021-05-17,170.4,172.74,168.0354,170.96,28457354,64.55806753232012,58.506939246100124,NaN,NaN,NaN,NaN,4.1829315095926916,3.6067458625775575,0.5761856470151341,NaN
2021-05-24,170.9,171.35,168.28,169.25,32882643,61.61025503428891,58.541422431894865,NaN,NaN,NaN,NaN,4.212532935759015,3.6657461222503875,0.5467868135086271,NaN
2021-06-01,170.15,170.2,165.11,165.97,29574004,56.29994674487505,58.649265366355145,NaN,NaN,NaN,NaN,3.926066441322263,3.6980281046148176,0.22803833670744522,NaN
2021-06-07,166,167.575,162.07,164.96,32515430,54.73547461848617,58.86093451056108,NaN,NaN,NaN,NaN,3.5763155816772496,3.714061309611913,-0.13774572793466344,3.714061309611913
2021-06-14,164.5,165.86,161.79,161.98,35850781,50.294672664074675,58.47684646451305,NaN,NaN,NaN,NaN,3.0238177220502394,3.68199292569985,-0.6581752036496105,NaN
2021-06-21,162.77,164.78,162.25,164.21,32226586,53.345115679689854,58.27635971799107,NaN,NaN,NaN,NaN,2.7343813052820565,3.6032968207591884,-0.868915515477132,NaN
2021-06-28,164.44,169.3,163.41,168.98,30885941,59.12379676738737,58.12928321080212,NaN,NaN,NaN,NaN,2.856966661884968,3.5559743942712254,-0.6990077323862574,NaN
2021-07-06,167.91,170.37,166.99,169.75,24268711,59.98539961187003,58.26396173859946,NaN,NaN,NaN,NaN,2.981875796979722,3.489453949905453,-0.5075781529257313,NaN
2021-07-12,169.73,171.18,167.72,168.1,31186751,57.20291581836099,58.36268222453541,NaN,NaN,NaN,NaN,2.914133657273595,3.378780179091311,-0.4646465218177158,NaN
2021-07-19,166.48,172.1751,165.32,171.79,36005428,61.503571131646275,58.68721779060747,NaN,NaN,NaN,NaN,3.122208805284174,3.2609221008348093,-0.13871329555063516,NaN
2021-07-26,171.82,173.3801,170.67,172.2,26885819,61.96096685435452,58.785400176522344,NaN,NaN,NaN,NaN,3.2823564704744115,3.157569160247631,0.12478731022678069,3.157569160247631
2021-08-02,172.47,174.59,171.3,173.11,23419985,63.011431400291826,59.268693400990585,NaN,NaN,NaN,NaN,3.4430151087804575,3.103896789965208,0.33911831881524934,NaN
2021-08-09,173.72,176.29,172.78,176.25,22033431,66.45387784587271,59.56777004945239,NaN,NaN,NaN,NaN,3.7801349523674617,3.126543386708565,0.6535915656588966,NaN
2021-08-16,176.55,179.92,175.95,179.44,29002934,69.5539794124989,59.9742479368584,NaN,NaN,NaN,NaN,4.255654659424323,3.2634141575279076,0.9922405018964153,NaN
2021-08-23,178.39,178.93,172.75,172.93,29974507,57.812331089197436,59.49240961949249,NaN,NaN,NaN,NaN,4.060399106156353,3.410749468736163,0.6496496374201906,NaN
2021-08-30,172.79,175.22,172.06,175.04,24330108,60.159876041898634,59.388811120036046,NaN,NaN,NaN,NaN,4.029467842414704,3.5410273776839114,0.4884404647307923,NaN
2021-09-07,174.35,175.03,166.87,166.97,25335496,48.94252056138037,58.86328067835786,NaN,NaN,NaN,NaN,3.3155534011081045,3.5781026670315095,-0.262549265923405,3.5781026670315095
2021-09-13,167.92,168.12,163.555,164.75,38555987,46.38049726788427,58.2664965818863,NaN,NaN,NaN,NaN,2.5413406234336264,3.536681218827068,-0.9953405953934418,NaN
2021-09-20,163.48,165.98,162.165,164.36,28689262,45.925667858448826,57.954424810055876,NaN,NaN,NaN,NaN,1.87469140305123,3.398068174134519,-1.523376771083289,NaN
2021-09-27,164,165.4,158.62,160.47,34052794,41.54900180836418,57.11184524781834,NaN,NaN,NaN,NaN,1.0207104879020505,3.1467741760709234,-2.126063688168873,NaN
2021-10-04,159.99,162.61,157.6737,160.93,30715318,42.249865948806594,55.90656447506257,NaN,NaN,NaN,NaN,0.37670024967516724,2.8060725250592244,-2.429372275384057,NaN
2021-10-11,160.86,161.855,157.34,161.3,29188979,42.84352341263365,54.68214474654568,NaN,NaN,NaN,NaN,-0.10264338710857146,2.3746527095618877,-2.477296096670459,NaN
2021-10-18,160.25,165.15,159.2,163.72,32378526,46.70263220532032,53.932124488471345,NaN,NaN,NaN,NaN,-0.28397936023421266,1.870248929599828,-2.1542282898340406,NaN
2021-10-25,163.72,166.03,160.61,162.88,35478893,45.55292708591467,52.79279277091909,NaN,NaN,NaN,NaN,-0.4898240188342413,1.3646685823786509,-1.8544926012128922,NaN
2021-11-01,163.16,166.9818,159.4,163.43,35455127,46.48192276801387,51.6871467647519,NaN,NaN,NaN,NaN,-0.6016416400298681,0.8501008621070317,-1.4517425021369,NaN
2021-11-08,163.68,167.62,162.01,165.01,41030912,49.16528106513299,50.69813602652628,NaN,NaN,NaN,NaN,-0.5563518373765248,0.4198891689420729,-0.9762410063185978,NaN
2021-11-15,165,165.46,161.78,162.89,34493988,45.84386810631636,49.22599247370082,NaN,NaN,NaN,NaN,-0.6836449909971236,0.061557434005322875,-0.7452024250024465,NaN
2021-11-22,161.03,162.64,158.66,159.2,29132051,40.69111716198232,47.16435945580678,NaN,NaN,NaN,NaN,-1.0699442425118662,-0.2656243043905767,-0.8043199381212894,NaN
2021-11-29,159.5,160.42,155.85,159.38,54091870,41.039255361757675,45.9662826181325,NaN,NaN,NaN,NaN,-1.3460482801087608,-0.5285975008362224,-0.8174507792725384,NaN
2021-12-06,160.19,166.69,159.83,165.49,39366110,51.45578011938374,45.344561480810015,NaN,NaN,NaN,NaN,-1.0596221183386945,-0.6881888750599848,-0.37143324327870963,NaN
2021-12-13,164.75,173.51,163.8,168.23,55907556,55.272000131030495,45.79666716435646,NaN,NaN,NaN,NaN,-0.6045631925263706,-0.7439577423286292,0.13939454980225863,-0.7439577423286292
2021-12-20,167.81,168.95,165.98,168.25,23588592,55.29962315237648,46.433747584677334,NaN,NaN,NaN,NaN,-0.2395504934708299,-0.7390212015771422,0.49947070810631233,NaN
2021-12-27,169.14,172.875,168.7,171.07,19195380,59.132086116498115,47.37706317453799,NaN,NaN,NaN,NaN,0.27411530201109713,-0.654139054816549,0.9282543568276461,NaN
2022-01-03,170.21,174.3,169.1,173.95,34064878,62.65370510670333,48.884541981562215,NaN,NaN,NaN,NaN,0.9031797822090368,-0.48693667456778184,1.3901164567768187,NaN
2022-01-10,173.69,173.69,167.15,167.84,36162999,52.34768899714665,49.605815056443646,NaN,NaN,NaN,NaN,0.8983365141908166,-0.32530463550474387,1.2236411496955606,NaN
2022-01-18,167.1,168.72,164.47,164.87,30303995,48.19749456152268,49.98824156707857,NaN,NaN,NaN,NaN,0.6473814009094099,-0.17741281418179572,0.8247942150912055,NaN
2022-01-24,164,171.91,158.26,171.79,56984033,56.79280111855344,50.7089679180238,NaN,NaN,NaN,NaN,0.9954093731144553,0.05207092088779556,0.9433384522266598,NaN
2022-01-31,171.5,173.62,169.43,171.63,36225205,56.559126324014876,51.49512500645953,NaN,NaN,NaN,NaN,1.2439736319860515,0.3398511333427747,0.9041224986432768,NaN
2022-02-07,171.41,172.24,167.54,167.71,41230187,51.02036203009798,51.819299239465536,NaN,NaN,NaN,NaN,1.1118348190565541,0.5811241263866912,0.5307106926698629,NaN
2022-02-14,167.71,168.1,162.94,163.36,36733813,45.675005547571125,51.56999384535397,NaN,NaN,NaN,NaN,0.6486282297920525,0.7203676177554049,-0.07173938796335244,0.7203676177554049
2022-02-22,163.575,166.985,155.72,166,39109586,49.15651667620114,51.80661160034574,NaN,NaN,NaN,NaN,0.4889236002567259,0.8013091837251333,-0.3123855834684074,NaN
2022-02-28,162.87,169.86,162.3802,169.48,38541142,53.396343248985204,52.71412774941738,NaN,NaN,NaN,NaN,0.6358339491933407,0.8415001445231604,-0.20566619532981967,NaN
2022-03-07,168.3,173.12,167.36,169.35,41371756,53.21781021401196,53.584024524578396,NaN,NaN,NaN,NaN,0.7333183086258259,0.8226266474583591,-0.0893083388325332,NaN
2022-03-14,170.68,177,170.35,174.84,49169129,59.39264632409687,54.15094353920076,NaN,NaN,NaN,NaN,1.2392867576555204,0.8605100078433262,0.3787767498121942,0.8605100078433262
2022-03-21,174.66,177.7,173.91,176.92,31093590,61.4677732695767,54.593498763382634,NaN,NaN,NaN,NaN,1.7875037845858515,0.9871902726962642,0.8003135118895872,NaN
2022-03-28,176.65,180.21,175.6,178.19,35831200,62.72044079744764,55.123557166602005,NaN,NaN,NaN,NaN,2.2979586770858305,1.1319179731375282,1.1660407039483023,NaN
2022-04-04,178.19,183.187,175.52,182.12,39167518,66.36448250628499,55.64015690872962,NaN,NaN,NaN,NaN,2.9852044341489545,1.3253880622667396,1.659816371882215,NaN
2022-04-11,183,184.2,178.2,179.9,23720887,62.63964796184036,55.63915282695369,NaN,NaN,NaN,NaN,3.3125314012593776,1.56990990473372,1.7426214965256577,NaN
2022-04-18,179.73,185.94,176.74,181.54,43717401,64.23657802942876,56.48835918640241,NaN,NaN,NaN,NaN,3.6620607184968037,1.9047357368120257,1.757324981684778,NaN
2022-04-25,182.34,186.69,180.2,180.46,50326099,62.34661880388433,57.49901091799968,NaN,NaN,NaN,NaN,3.8080217423324143,2.27352441926488,1.5344973230675345,NaN
2022-05-02,180.47,181.41,174.69,176.37,32490419,55.66699434876484,57.418596148729065,NaN,NaN,NaN,NaN,3.5527146043992843,2.5976222698433182,0.9550923345559661,NaN
2022-05-09,175.45,179.18,174.59,176.85,36811553,56.259275248974305,57.39717821479759,NaN,NaN,NaN,NaN,3.3504914666522154,2.8884192874018058,0.46207217925040966,NaN
2022-05-16,176.85,179.7,172.69,176.98,34273237,56.42905439128896,57.78351338345409,NaN,NaN,NaN,NaN,3.1642426668030623,3.1023032773070884,0.061939389495973884,NaN
2022-05-23,177.6,181.74,177.46,181.09,32771029,61.515013375673234,58.91494251403281,NaN,NaN,NaN,NaN,3.3101247447924607,3.2714833839967117,0.03864136079574898,NaN
2022-05-31,178,180.17,174.5884,176.42,34467581,53.82666455412996,59.24852450531345,NaN,NaN,NaN,NaN,3.0141619882907946,3.351061529686152,-0.33689954139535727,3.351061529686152
2022-06-06,177.21,179.45,170.6212,172.55,27325708,48.42530499066767,58.89345034400504,NaN,NaN,NaN,NaN,2.4392149626750665,3.29039603285572,-0.8511810701806533,NaN
2022-06-13,170.08,172.25,167.26,169.46,42453441,44.578800888192,58.27637824930361,NaN,NaN,NaN,NaN,1.7144648433160228,3.112833081973125,-1.3983682386571021,NaN
2022-06-21,170.75,182.53,169.56,182.29,38411015,59.10413409473789,58.25577023292083,NaN,NaN,NaN,NaN,2.1505783983103015,2.9448906019524026,-0.7943122036421011,NaN
2022-06-27,181.64,183.3506,175.03,179.52,38559563,55.70932116048568,57.84445222512861,NaN,NaN,NaN,NaN,2.2467861305900385,2.771419978425472,-0.5246338478354335,NaN
2022-07-05,178.83,179.99,174.61,178.28,20567208,54.208288021756736,57.23644131257926,NaN,NaN,NaN,NaN,2.1976407797483546,2.620856220130924,-0.4232154403825694,NaN
2022-07-11,177.7,179.02,172.2968,178.23,24696683,54.14493705166175,56.36361663724903,NaN,NaN,NaN,NaN,2.130103644134522,2.485257573184514,-0.3551539290499921,NaN
2022-07-18,177.74,178.19,169.76,172.12,38304141,46.92767455914078,55.241332822770495,NaN,NaN,NaN,NaN,1.5655078410851218,2.3076203703269647,-0.7421125292418429,NaN
2022-07-25,172.12,176.09,171.13,174.52,25575763,49.76046824435388,54.20732498097942,NaN,NaN,NaN,NaN,1.2967731481992644,2.0839146373721653,-0.7871414891729009,NaN
2022-08-01,174.17,175.49,169.79,171.11,27152634,46.00327606631349,53.03994335686723,NaN,NaN,NaN,NaN,0.799425190545719,1.8378327709560456,-1.0384075804103265,NaN
2022-08-08,171.3,171.48,165.15,165.3,39702395,40.405382801190896,51.94982824632623,NaN,NaN,NaN,NaN,-0.06282093229447128,1.559828782626097,-1.6226497149205683,NaN
2022-08-15,166,170.12,165.125,169.31,41372877,45.34839515778729,51.1704796683843,NaN,NaN,NaN,NaN,-0.41776794098930736,1.3229140288143937,-1.740681969803701,NaN
2022-08-22,168.9,168.92,164.195,164.27,28058973,40.771109288810244,50.05205501820725,NaN,NaN,NaN,NaN,-1.0931507205537514,0.9624996822739433,-2.0556504028276947,NaN
2022-08-29,163.47,166.2,161.27,162.74,34287509,39.468708624742305,48.47731896456933,NaN,NaN,NaN,NaN,-1.7318904969013431,0.5204245014415676,-2.2523149983429107,NaN
2022-09-06,163.94,166.215,162.16,165.71,23281514,43.25790529792754,47.72240758912629,NaN,NaN,NaN,NaN,-1.9756679228499934,0.056723534486195604,-2.032391457336189,NaN
2022-09-12,166.11,167.63,160.81,167.6,50023397,45.592007911936214,47.52002922635976,NaN,NaN,NaN,NaN,-1.9933776677060564,-0.40144105571831307,-1.5919366119877434,NaN
2022-09-19,166.3,167.48,162.83,166.72,39595157,44.67062082718911,47.52658779343098,NaN,NaN,NaN,NaN,-2.0547356995140262,-0.8036903380071073,-1.251045361506919,NaN
2022-09-26,165.8,167.67,163.32,163.36,42076673,41.24334854944223,46.25081739733844,NaN,NaN,NaN,NaN,-2.3474266281440634,-1.208601424267477,-1.1388252038765865,NaN
2022-10-03,164.29,166.04,159.17,160.2,31686859,38.26954416326642,45.005119040394206,NaN,NaN,NaN,NaN,-2.8020713542428553,-1.6087677070217632,-1.193303647221092,NaN
2022-10-10,160.63,165.99,159.18,164.46,28019746,44.119175355854274,44.284468135686886,NaN,NaN,NaN,NaN,-2.786512990311792,-1.9114001579125766,-0.8751128323992152,NaN
2022-10-17,165.4,169.37,163.05,168.71,41786515,49.282731153961855,43.937167714422614,NaN,NaN,NaN,NaN,-2.403536916117247,-2.132041155149014,-0.2714957609682327,NaN
2022-10-24,169.81,175.39,168.52,174.87,30106568,55.67572355624374,44.562028357072826,NaN,NaN,NaN,NaN,-1.58469769085238,-2.186657485182195,0.6019597943298152,-2.186657485182195
2022-10-31,174.52,175.16,168.94,171.48,31794203,51.805567854062694,44.708106900623456,NaN,NaN,NaN,NaN,-1.1955251047804438,-2.1270613305020953,0.9315362257216515,NaN
2022-11-07,171.67,175,166.82,169.25,36871823,49.374190301963324,44.94888648888416,NaN,NaN,NaN,NaN,-1.0548853281738673,-2.024752153315859,0.9698668251419917,NaN
2022-11-14,170.25,176.64,170.25,176.2,32455013,56.263622063542705,46.08161786476643,NaN,NaN,NaN,NaN,-0.37826002937185876,-1.8452946379453925,1.4670346085735337,NaN
2022-11-21,175.89,178.12,174.83,177.24,18862676,57.20219099685158,46.92831756755674,NaN,NaN,NaN,NaN,0.23913312529492714,-1.590420324077731,1.8295534493726582,NaN
2022-11-28,176.75,179.96,174.66,178.88,38278276,58.70704549585676,48.20945586806006,NaN,NaN,NaN,NaN,0.8509467578652448,-1.2350455034100303,2.0859922612752753,NaN
2022-12-05,178.36,180,175.66,175.74,28126164,54.73845751010362,49.30015221701444,NaN,NaN,NaN,NaN,1.0701061935500888,-0.8048035536552587,1.8749097472053475,NaN
2022-12-12,175.95,181.039,174.86,175.67,50037983,54.64976495580977,50.11385647829174,NaN,NaN,NaN,NaN,1.2240333161686863,-0.35918729737964994,1.5832206135483362,NaN
2022-12-19,175.35,178.18,174.07,177.48,26775477,56.6075887806939,50.900683683203006,NaN,NaN,NaN,NaN,1.475069855927785,0.07176901062535358,1.4033008453024314,NaN
2022-12-27,178.11,178.45,175.4,176.65,12758347,55.42593221062954,51.668920210591615,NaN,NaN,NaN,NaN,1.5887301664976974,0.4243721058864733,1.164358060611224,NaN
2023-01-03,176.16,180.93,176.01,180.25,28094916,59.385990474963954,52.96482320527173,NaN,NaN,NaN,NaN,1.9468545674684492,0.773525402803017,1.1733291646654322,NaN
2023-01-09,179.3,179.76,172.11,173.43,29825048,50.27371496289377,53.82226397667368,NaN,NaN,NaN,NaN,1.661204402217976,1.075313150624333,0.585891251593643,NaN
2023-01-17,174,174.58,167.48,168.74,28661128,45.14375824486682,53.895448468746004,NaN,NaN,NaN,NaN,1.044342256768516,1.2333800713065968,-0.18903781453808066,1.2333800713065968
2023-01-23,169.1,170.99,166.01,168.23,39071280,44.610676818042876,53.56173030189465,NaN,NaN,NaN,NaN,0.5084606071227427,1.263305347065243,-0.7548447399425002,NaN
2023-01-30,167.93,168.54,161.05,164.61,61704404,40.917282316107205,52.507555927599185,NaN,NaN,NaN,NaN,-0.205959039831896,1.1458713695433385,-1.3518304093752345,NaN
2023-02-06,164.55,164.8525,161.07,162.15,35364025,38.5797505509723,51.56285469166415,NaN,NaN,NaN,NaN,-0.9595817371344708,0.9203504883561651,-1.8799322254906359,NaN
2023-02-13,161.33,162.9699,156.62,160.39,48942905,36.95320906815184,50.675641746391896,NaN,NaN,NaN,NaN,-1.6794903263358094,0.59773675030011,-2.2772270766359193,NaN
2023-02-21,159.65,160.35,155.21,155.97,37318918,33.17089800950356,49.02616145681767,NaN,NaN,NaN,NaN,-2.5769743739854505,0.14750961364308385,-2.7244839876285343,NaN
2023-02-27,156.45,156.9,151.231,154.02,37608664,31.632611753489243,47.199762939434656,NaN,NaN,NaN,NaN,-3.4063197175971425,-0.4074959290341206,-2.998823788563022,NaN
2023-03-06,154.66,156.25,150.71,151.61,37780143,29.79365773679612,45.134520956644614,NaN,NaN,NaN,NaN,-4.209523964385852,-1.091537988129043,-3.1179859762568087,NaN
2023-03-13,152.09,155.91,151.57,152.38,55126097,31.170452169674263,43.4510920037568,NaN,NaN,NaN,NaN,-4.72941875643528,-1.8016072279794046,-2.927811528455875,NaN
2023-03-20,152.47,154.13,150.11,152.65,38197683,31.676417902027822,41.81013864277237,NaN,NaN,NaN,NaN,-5.061308764377884,-2.4800128969956714,-2.5812958673822126,NaN
2023-03-27,154.2,155.19,151.725,155,33345557,36.08062269057507,40.34392677919245,NaN,NaN,NaN,NaN,-5.076193428556536,-3.1005300120711468,-1.9756634164853892,NaN
2023-04-03,154.95,167.23,153.94,165.15,41476003,50.82493922382454,40.01528442299209,NaN,NaN,NaN,NaN,-4.220320234638876,-3.546570144827478,-0.6737500898113984,NaN
2023-04-10,164.63,166.33,163.1,165.84,29887759,51.641581634406286,39.46211236295226,NaN,NaN,NaN,NaN,-3.4466267609468275,-3.8229084808066287,0.3762817198598012,-3.8229084808066287
2023-04-17,165.735,166.24,159.65,162.69,45882901,47.74352908718041,39.281384800401305,NaN,NaN,NaN,NaN,-3.0524609139123413,-3.9754607683151324,0.9229998544027911,NaN
2023-04-24,162.69,165.35,161.87,163.7,28824733,49.070951719937234,39.56189862004919,NaN,NaN,NaN,NaN,-2.628285838156984,-3.9811620421119693,1.3528762039549855,NaN
2023-05-01,163.6,166.18,161.25,162.68,28694773,47.75171835338632,39.78625872971658,NaN,NaN,NaN,NaN,-2.3473704843525525,-3.8635010161959036,1.5161305318433511,NaN
2023-05-08,161.99,162.57,159.3901,160.78,27044147,45.308218887001495,40.09989705620903,NaN,NaN,NaN,NaN,-2.252096398216878,-3.646009064399351,1.393912666182473,NaN
2023-05-15,160.8,161.03,157.56,158.91,29244785,42.977259779662795,40.414004858258345,NaN,NaN,NaN,NaN,-2.3009603318915595,-3.37618035056116,1.0752200186696004,NaN
2023-05-22,158,159.14,153.72,154.35,30215536,37.86198504770101,40.47891742822613,NaN,NaN,NaN,NaN,-2.676782954207738,-3.1112330383200324,0.43445008411229447,NaN
2023-05-30,153.97,157.31,153.15,156.97,32478737,42.12431913745497,41.1184475087941,NaN,NaN,NaN,NaN,-2.731723379621144,-2.8507363662161,0.11901298659495607,NaN
2023-06-05,156.75,160.725,156.39,160.01,30490627,46.69339250964099,42.19421756280493,NaN,NaN,NaN,NaN,-2.501129999194376,-2.659715228944489,0.15858522975011313,NaN
2023-06-12,160,164.99,158.73,164.23,39842108,52.32052376878926,43.80327942223302,NaN,NaN,NaN,NaN,-1.9553245871883007,-2.4940149874157638,0.5386904002274631,NaN
2023-06-20,164.26,166.27,162.69,165.48,30110576,53.87375580900204,45.424943967899296,NaN,NaN,NaN,NaN,-1.4057012633979014,-2.3110416929141593,0.9053404295162579,NaN
2023-06-26,164.98,165.94,161.33,165.52,30814605,53.92548078983541,47.01416274559983,NaN,NaN,NaN,NaN,-0.9558744283667124,-2.1252182029374627,1.1693437745707502,NaN
2023-07-03,164.34,164.39,159.2,159.25,24615149,45.34230393442557,47.67571140587487,NaN,NaN,NaN,NaN,-1.092723780654353,-1.9858130136376626,0.8930892329833096,NaN
2023-07-10,159.43,160.3,157.41,159.87,31050742,46.25329622556904,47.34916547742805,NaN,NaN,NaN,NaN,-1.138030552040334,-1.8620279196180465,0.7239973675777125,NaN
2023-07-17,159.75,170.82,157.33,170.19,53315976,58.61720717919245,47.84742444491277,NaN,NaN,NaN,NaN,-0.3373104378607934,-1.6438445980590726,1.3065341601982792,NaN
2023-07-24,171.5,175.36,169.75,174.48,69818897,62.48103013129503,48.90010309092096,NaN,NaN,NaN,NaN,0.6361005967569326,-1.2757464257296647,1.9118470224865973,NaN
2023-07-31,169.69,172.68,166.06,169.04,93883812,55.415352597947276,49.35327458220739,NaN,NaN,NaN,NaN,0.9575354461382517,-0.8658287784230652,1.8233642245613169,NaN
2023-08-07,169.49,175.97,169.36,173.85,182208969,59.749536886797785,50.2102616203082,NaN,NaN,NaN,NaN,1.5821634854411286,-0.41212950235245355,1.9942929877935822,NaN
2023-08-14,173.52,175.6,171.31,172.49,359092083,58.031761768030314,51.11908611181026,NaN,NaN,NaN,NaN,1.9450240463144155,0.021242568036737138,1.9237814782776783,NaN
2023-08-21,169.69,169.85,163.47,166.25,416106868,50.81337467471907,51.678808604314284,NaN,NaN,NaN,NaN,1.7093732145619924,0.3673619544767253,1.3420112600852672,NaN
2023-08-28,165,166.21,160.015,160.48,64548753,45.21303946121759,52.20388391956548,NaN,NaN,NaN,NaN,1.0449815576099581,0.5896792862519109,0.45530227135804724,NaN
2023-09-05,160.56,161.97,157.35,160.56,35663622,45.30305094976462,52.4309361918733,NaN,NaN,NaN,NaN,0.5189199282873176,0.7687508094676522,-0.24983088118033459,0.7687508094676522
2023-09-11,161.06,165.27,160.45,161.45,40903197,46.35890305435976,52.407044087924646,NaN,NaN,NaN,NaN,0.17184691467795687,0.9142927502141289,-0.742445835536172,NaN
2023-09-18,162.12,163.5354,160.25,160.5,24681718,45.35252821189857,51.90933011957531,NaN,NaN,NaN,NaN,-0.17781823176443368,0.9320141064470577,-1.1098323382114914,NaN
2023-09-25,160.07,160.36,155.255,155.75,37380720,40.606044503967915,50.96163645493001,NaN,NaN,NaN,NaN,-0.8286633666493515,0.7692625549574706,-1.597925921606822,NaN
2023-10-02,155.42,158.3,153.32,157.64,29752045,43.155299914703384,50.192337820992016,NaN,NaN,NaN,NaN,-1.1783720806856763,0.5319394964214786,-1.7103115771071549,NaN
2023-10-09,157.18,159.27,155.0663,156.85,27763526,42.33731668427986,49.977695874553035,NaN,NaN,NaN,NaN,-1.5019515907633263,0.18926004350987252,-1.6912116342731989,NaN
2023-10-16,157.82,158.9499,150.15,153,42690630,38.50673057904223,49.424369756943975,NaN,NaN,NaN,NaN,-2.0454745506160066,-0.2541286894823966,-1.79134586113361,NaN
2023-10-23,152.86,153.5,144.95,145.6,36908324,32.43265636397169,47.55404469871392,NaN,NaN,NaN,NaN,-3.0383147664479964,-0.7816495762612843,-2.256665190186712,NaN
2023-10-30,146.09,152.27,146,151.34,31791361,40.29927199506952,45.96963340326925,NaN,NaN,NaN,NaN,-3.3236646248183774,-1.2670547076422105,-2.056609917176167,NaN
2023-11-06,151.78,152.425,145.64,147.25,29057387,36.99420069637085,44.65383683887093,NaN,NaN,NaN,NaN,-3.8356206149966567,-1.7508925457848743,-2.084728069211782,NaN
2023-11-13,147.25,150.785,146.65,149.79,33233244,40.27038581662553,43.2624689052872,NaN,NaN,NaN,NaN,-3.990393876646351,-2.2133637448209083,-1.777030131825443,NaN
2023-11-20,147.91,152.6794,147.54,152.5,22763767,43.63779682140537,42.23432855195684,NaN,NaN,NaN,NaN,-3.8499980688032736,-2.6213837267141127,-1.2286143420891609,NaN
2023-11-27,152.29,158.46,150.84,158.38,40373578,50.19838213620084,42.19040051349126,NaN,NaN,NaN,NaN,-3.227066902330165,-2.8878730084564257,-0.3391938938737393,NaN
2023-12-04,158,160.02,153.84,154.42,35618382,46.29043706449043,42.2673574851536,NaN,NaN,NaN,NaN,-3.0181371633289586,-3.0922913509723458,0.0741541876433871,-3.0922913509723458
2023-12-11,154.5,157.16,151.77,155.16,53147895,47.118913795079294,42.39706197410465,NaN,NaN,NaN,NaN,-2.7610197078342367,-3.232187808424669,0.47116810059043246,NaN
2023-12-18,155.21,156.66,153.11,155.46,29289148,47.472657195889965,42.47661584135681,NaN,NaN,NaN,NaN,-2.5041781719585003,-3.283154877462724,0.7789767055042236,NaN
2023-12-26,155,157.24,154.85,156.74,18149517,49.03904374996907,42.73993837979042,NaN,NaN,NaN,NaN,-2.172303143315588,-3.1869313637813454,1.0146282204657573,NaN
2024-01-02,156.93,161.98,156.79,161.13,30223300,54.09509892407682,43.70344226694106,NaN,NaN,NaN,NaN,-1.5373320736572964,-2.988449969207892,1.4511178955505954,NaN
2024-01-08,161.1,163.28,159.61,162.39,27314869,55.460957764279904,44.58241782762509,NaN,NaN,NaN,NaN,-0.9218153430286407,-2.6646938278781125,1.7428784848494718,NaN
2024-01-16,161.57,162.25,159.69,161.68,24435100,54.47732046853402,45.449560955071824,NaN,NaN,NaN,NaN,-0.4857060487408944,-2.2752840692219505,1.789578020481056,NaN
2024-01-22,162,163.58,156.91,159.5,34292687,51.459482851940635,46.37475754599314,NaN,NaN,NaN,NaN,-0.31239299995431224,-1.8822168393498435,1.5698238393955313,NaN
2024-01-29,159.01,160.62,155.94,156.61,38248795,47.68797478334683,47.46442314737708,NaN,NaN,NaN,NaN,-0.40358769962344354,-1.5684969279379857,1.1649092283145421,NaN
2024-02-05,156.61,159.37,155.31,156.76,43326875,47.90140393771026,48.007432571851425,NaN,NaN,NaN,NaN,-0.4584714364055742,-1.2840896249464986,0.8256181885409244,NaN
2024-02-12,156.58,158.475,154.84,156.55,40424825,47.60855079380568,48.76560043595391,NaN,NaN,NaN,NaN,-0.5129989061191509,-1.0343095358670444,0.5213106297478936,NaN
2024-02-20,156.56,162.25,156.44,161.84,31766015,55.06169312185031,49.82212238632711,NaN,NaN,NaN,NaN,-0.12787941479933806,-0.7702763406271376,0.6423969258277995,NaN
2024-02-26,161.8,162.57,159.64,162.12,32134548,55.42316562749218,50.663934443904736,NaN,NaN,NaN,NaN,0.19764587799878086,-0.5069486715922077,0.7045945495909886,NaN
2024-03-04,161.32,161.61,158.24,159.52,33077625,51.29696593372798,50.742404715156674,NaN,NaN,NaN,NaN,0.24302727972951743,-0.30913096566033954,0.552158245389857,NaN
2024-03-11,159.49,163.11,157.1,158.18,39053326,49.261415193476566,50.95461743865569,NaN,NaN,NaN,NaN,0.16891838046180396,-0.1879383297169568,0.35685671017876075,NaN
2024-03-18,158.57,158.69,155.1,155.23,33589582,45.02546930972615,50.80508568970189,NaN,NaN,NaN,NaN,-0.1263967785708644,-0.14801507747584233,0.021618298904977934,NaN
2024-03-25,155.4,159.14,154.76,158.19,29005302,49.69928966343689,50.964130865955234,NaN,NaN,NaN,NaN,-0.12020327891190163,-0.1266606640266856,0.00645738511478397,NaN
2024-04-01,157.72,158.15,151.61,152.39,32295881,42.13933592213916,50.47129459253881,NaN,NaN,NaN,NaN,-0.576659046655891,-0.14589081369695756,-0.4307682329589334,-0.14589081369695756
2024-04-08,151.99,153.035,147.15,147.52,34355102,37.04400348680786,49.25335920416246,NaN,NaN,NaN,NaN,-1.316199502333859,-0.24119393213343365,-1.0750055702004255,NaN
2024-04-15,148.37,149.49,143.13,147.91,50293639,37.69373937149576,47.98427217610645,NaN,NaN,NaN,NaN,-1.8495010046190714,-0.3896941653000915,-1.45980683931898,NaN
2024-04-22,148.51,150.49,145.95,146.14,43811109,35.883690918233086,46.65615577965638,NaN,NaN,NaN,NaN,-2.3874494636217776,-0.6407575040581404,-1.7466919595636372,NaN
2024-04-29,146.14,152.33,144.53,149.27,44745532,41.255764902463255,45.92731878326514,NaN,NaN,NaN,NaN,-2.5320250430270903,-0.9440542730610149,-1.5879707699660754,NaN
2024-05-06,149.87,150.1,147.91,149.91,32368354,42.31995540479907,45.54388882765459,NaN,NaN,NaN,NaN,-2.5653873910736706,-1.2561003475947023,-1.3092870434789683,NaN
2024-05-13,150.04,154.86,149.705,154.64,33543346,49.588531247850256,45.66439792123602,NaN,NaN,NaN,NaN,-2.184968861582263,-1.5176433744884876,-0.6673254870937753,NaN
2024-05-20,153.1,154.08,146.76,146.97,37365420,40.6443122440461,45.16695231053891,NaN,NaN,NaN,NaN,-2.4738720779456003,-1.7784739633079027,-0.6953981146376975,NaN
2024-05-28,146.79,147.48,143.71,146.67,41875953,40.33784473143212,44.11524885408046,NaN,NaN,NaN,NaN,-2.6959601012736414,-2.0646691657925405,-0.6312909354811009,NaN
2024-06-03,147.25,148.9,144.66,147.08,32224908,40.99268861674281,43.0845004961698,NaN,NaN,NaN,NaN,-2.806530944607289,-2.3124327100093627,-0.4940982345979261,NaN
2024-06-10,146.53,147.56,143.88,145.54,28508754,39.25007586928508,42.224008348709596,NaN,NaN,NaN,NaN,-2.9840262669386846,-2.497746794965454,-0.4862794719732304,NaN
2024-06-17,145.02,149.08,144.74,148.75,36751809,44.542156536452644,41.88691844463646,NaN,NaN,NaN,NaN,-2.833015180253142,-2.6070261478136842,-0.22598903243945756,NaN
2024-06-24,149,149.7199,144.84,146.16,35037764,41.407840984813475,41.62851642142841,NaN,NaN,NaN,NaN,-2.8890262641291145,-2.6627569034256107,-0.22626936070350379,NaN
2024-07-01,146.07,148.7,144.5,146.48,18771097,41.95133976780286,41.07509142888312,NaN,NaN,NaN,NaN,-2.874459150195719,-2.700805137555458,-0.1736540126402608,NaN
2024-07-08,146.4,150.88,145.18,149.88,28934106,47.52134255830072,41.459520474323234,NaN,NaN,NaN,NaN,-2.5590637287357083,-2.7001025084067956,0.14103877967108724,-2.7001025084067956
2024-07-15,150.08,157.49,148.87,154.69,44546648,54.21464757262287,42.68599505188144,NaN,NaN,NaN,NaN,-1.8990922306831521,-2.6683384383068947,0.7692462076237425,NaN
2024-07-22,154.77,161.58,151.57,160.64,38647152,60.86415124235985,44.34102447122888,NaN,NaN,NaN,NaN,-0.8857345928279301,-2.4918787177382646,1.6061441249103345,NaN
2024-07-29,159.97,164.85,157.71,164.14,38957896,64.1613843797455,46.36085971847975,NaN,NaN,NaN,NaN,0.19750269714785418,-2.170382851246987,2.3678855483948413,NaN
2024-08-05,163.795,165.78,158.03,160.62,35306397,58.796213490024314,47.61374890330554,NaN,NaN,NaN,NaN,0.7631444178166475,-1.7737522554221055,2.5368966732387532,NaN
2024-08-12,160.97,161.7,156.44,159.39,34708622,57.00250883391837,48.6625027196712,NaN,NaN,NaN,NaN,1.0994945474823226,-1.320027720486438,2.4195222679687607,NaN
2024-08-19,159.46,164.22,159.13,164.13,30348596,61.83454262064549,49.537217817728006,NaN,NaN,NaN,NaN,1.7286065345710426,-0.8131808632837507,2.5417873978547934,NaN
2024-08-26,164.17,165.98,162.16,165.86,31807690,63.44904261625473,51.166127130028634,NaN,NaN,NaN,NaN,2.3398070197878553,-0.23219938729297634,2.5720064070808317,NaN
2024-09-03,165.24,168.85,164.12,164.38,24512860,61.06897917820746,52.646922447655434,NaN,NaN,NaN,NaN,2.67394065327926,0.3842894797597991,2.289651173519461,NaN
2024-09-09,164.84,168.46,162.7101,165.52,28252726,62.24382078253011,54.16486045949739,NaN,NaN,NaN,NaN,2.9961941763476716,1.001540358102397,1.9946538182452747,NaN
2024-09-16,166.36,168.35,163.55,164.16,31772324,59.92066212678034,55.64133090646134,NaN,NaN,NaN,NaN,3.106037316343162,1.5576658633275429,1.5483714530156192,NaN
2024-09-23,164.4,164.5,160.02,161.4,29809353,55.40148956162777,56.41699755111671,NaN,NaN,NaN,NaN,2.9365293796861636,1.9823618602735533,0.9541675194126102,NaN
2024-09-30,161.57,162.75,158.775,160.29,25225815,53.649050434651436,57.29136965467656,NaN,NaN,NaN,NaN,2.681712285385828,2.2583851478555506,0.4233271375302774,NaN
2024-10-07,160.25,162.66,158.95,161.46,25126838,55.25564865809437,58.24167743255453,NaN,NaN,NaN,NaN,2.54484177235409,2.456351520581933,0.08849025177215708,NaN
2024-10-14,161.4,166.75,159,165.12,33200468,59.93411292072509,59.128303887013416,NaN,NaN,NaN,NaN,2.7005718060488277,2.634248993755989,0.06632281229283876,NaN
2024-10-21,165.1,166,160.61,160.88,30992348,53.01805888774775,59.04283326666519,NaN,NaN,NaN,NaN,2.453573150897455,2.714800840014479,-0.2612276891170242,2.714800840014479
2024-10-28,161.13,162.17,159.0302,160.13,29750574,51.877690884908,58.40094324113291,NaN,NaN,NaN,NaN,2.172265678617606,2.696185135440007,-0.523919456822401,NaN
2024-11-04,159.7,160.85,155.41,155.47,36566632,45.35067996045893,57.057321496898155,NaN,NaN,NaN,NaN,1.5553750302089782,2.5719000662099756,-1.0165250360009974,NaN
2024-11-11,155.62,157.58,150.76,154,40535300,43.491776025337764,55.96414739227769,NaN,NaN,NaN,NaN,0.937066117293881,2.3431080596484435,-1.4060419423545625,NaN
2024-11-18,152.59,157.115,151.81,155.17,43216146,45.409744570992494,55.136092802068696,NaN,NaN,NaN,NaN,0.5352905744994985,2.0574695327769255,-1.522178958277427,NaN
2024-11-25,155.17,157.035,153.16,155.01,27768006,45.18388826121741,53.94676034782383,NaN,NaN,NaN,NaN,0.20164545607653395,1.7535935412647443,-1.5519480851882104,NaN
2024-12-02,154.75,155,148.38,149.31,42241728,37.943524380204884,52.124937616677414,NaN,NaN,NaN,NaN,-0.5167562230990086,1.3982081514330957,-1.9149643745321043,NaN
2024-12-09,149.29,150.89,145.04,146.62,45756799,35.086104558121676,50.269018000957,NaN,NaN,NaN,NaN,-1.2883044763208886,0.9723030126914315,-2.2606074890123202,NaN
2024-12-16,146.73,147.25,143.52,146.41,27807714,34.86536392383938,48.31341393962195,NaN,NaN,NaN,NaN,-1.8948644527617091,0.46169898393470515,-2.356563436696414,NaN